station,latitude,longitude
GHCND:US1MDAA0001,38.89776,-76.59653
GHCND:US1MDAA0002,39.1069,-76.7021
GHCND:US1MDAA0003,39.099843,-76.809011
GHCND:US1MDAA0004,39.1321,-76.728
GHCND:US1MDAA0005,39.043293,-76.442849
GHCND:US1MDAA0006,38.792916,-76.701613
GHCND:US1MDAA0007,39.0889,-76.6492
GHCND:US1MDAA0008,38.9966,-76.645
GHCND:US1MDAA0009,38.821362,-76.537122
GHCND:US1MDAA0010,39.1038,-76.5443
GHCND:US1MDAA0011,39.0649,-76.5041
GHCND:US1MDAA0012,39.11706,-76.640309
GHCND:US1MDAA0013,39.1263,-76.5596
GHCND:US1MDAA0017,39.056194,-76.567776
GHCND:US1MDAA0019,38.801085,-76.5147
GHCND:US1MDAA0020,38.875728,-76.50459
GHCND:US1MDAA0021,38.761734,-76.560497
GHCND:US1MDAA0022,38.84338,-76.54988
GHCND:US1MDAA0023,39.0579,-76.7105
GHCND:US1MDAA0024,39.094753,-76.540958
GHCND:US1MDAA0026,39.1184464,-76.6422272
GHCND:US1MDAA0027,39.13732,-76.65905
GHCND:US1MDAA0028,38.921047,-76.521701
GHCND:US1MDAA0030,38.82231,-76.6097
GHCND:US1MDAA0034,39.0314,-76.6764
GHCND:US1MDAA0035,39.2082,-76.6586
GHCND:US1MDAA0039,39.091628,-76.511171
GHCND:US1MDAA0042,38.964348,-76.581807
GHCND:US1MDAA0043,38.783953,-76.536154
GHCND:US1MDAA0044,38.749729,-76.555957
GHCND:US1MDAA0047,38.862625,-76.562603
GHCND:US1MDAA0051,39.1147,-76.6989
GHCND:US1MDAA0053,39.0589,-76.5079
GHCND:US1MDAA0054,39.02919,-76.67292
GHCND:US1MDAA0059,38.959166,-76.488006
GHCND:US1MDAA0063,39.1234,-76.6818
GHCND:US1MDAA0064,39.00387,-76.69154
GHCND:US1MDAA0065,39.0755,-76.6925
GHCND:US1MDAA0066,39.08469,-76.607627
GHCND:US1MDAA0067,39.11449,-76.63047
GHCND:US1MDAA0070,38.99894,-76.551397
GHCND:US1MDAA0071,38.997832,-76.677016
GHCND:US1MDAA0074,38.94601,-76.58933
GHCND:US1MDAA0076,39.0604,-76.4839
GHCND:US1MDAA0078,39.10383,-76.70847
GHCND:US1MDAA0082,38.840702,-76.502807
GHCND:US1MDAA0084,38.9561759,-76.5947309
GHCND:US1MDAA0090,39.0885,-76.7867
GHCND:US1MDAA0091,39.066,-76.505
GHCND:US1MDAA0093,38.846009,-76.626444
GHCND:US1MDAA0094,38.8755,-76.6627
GHCND:US1MDAA0096,39.078753,-76.556241
GHCND:US1MDAA0098,38.936944,-76.5025
GHCND:US1MDAL0002,39.576776,-78.849789
GHCND:US1MDAL0003,39.638224,-78.748827
GHCND:US1MDAL0006,39.6682,-78.9282
GHCND:US1MDAL0017,39.550862,-78.940071
GHCND:US1MDBC0001,39.357794,-76.553183
GHCND:US1MDBC0003,39.3712,-76.6633
GHCND:US1MDBC0006,39.2758963,-76.6099077
GHCND:US1MDBL0001,39.398358,-76.749154
GHCND:US1MDBL0006,39.682965,-76.585074
GHCND:US1MDBL0007,39.651723,-76.580271
GHCND:US1MDBL0009,39.4692,-76.53104
GHCND:US1MDBL0011,39.531442,-76.621934
GHCND:US1MDBL0013,39.536221,-76.544552
GHCND:US1MDBL0015,39.5113,-76.5743
GHCND:US1MDBL0016,39.397048,-76.615284
GHCND:US1MDBL0017,39.418992,-76.592444
GHCND:US1MDBL0019,39.405942,-76.461218
GHCND:US1MDBL0020,39.403461,-76.575381
GHCND:US1MDBL0021,39.270584,-76.726746
GHCND:US1MDBL0025,39.370148,-76.418862
GHCND:US1MDBL0026,39.461,-76.8085
GHCND:US1MDBL0027,39.31722,-76.71667
GHCND:US1MDBL0028,39.4488709,-76.394955
GHCND:US1MDBL0029,39.504359,-76.518698
GHCND:US1MDBL0030,39.27497,-76.76673
GHCND:US1MDBL0033,39.2628916,-76.5224373
GHCND:US1MDBL0034,39.42013,-76.562553
GHCND:US1MDBL0035,39.470726,-76.829937
GHCND:US1MDBL0037,39.2678135633469,-76.7503360658884
GHCND:US1MDBL0038,39.3711173349209,-76.7217247607479
GHCND:US1MDBL0039,39.277148,-76.758346
GHCND:US1MDBL0040,39.362146,-76.66755
GHCND:US1MDBL0043,39.40443,-76.64654
GHCND:US1MDBL0045,39.459969,-76.680092
GHCND:US1MDBL0046,39.291851,-76.740657
GHCND:US1MDBL0047,39.272859,-76.746857
GHCND:US1MDBL0048,39.30453,-76.46586
GHCND:US1MDBL0051,39.237333,-76.68515
GHCND:US1MDBL0052,39.43922,-76.61684
GHCND:US1MDBL0053,39.322644,-76.520313
GHCND:US1MDCC0001,39.5575,-75.8975
GHCND:US1MDCC0002,39.5896,-75.8347
GHCND:US1MDCC0003,39.623611,-75.830667
GHCND:US1MDCC0004,39.612571,-75.821673
GHCND:US1MDCC0006,39.616475,-75.837966
GHCND:US1MDCC0007,39.663793,-76.08939
GHCND:US1MDCC0008,39.603405,-75.965531
GHCND:US1MDCC0009,39.6829,-76.0771
GHCND:US1MDCC0010,39.697045,-75.86989
GHCND:US1MDCC0011,39.6540115,-75.8487488
GHCND:US1MDCC0013,39.384012,-75.840579
GHCND:US1MDCC0015,39.5725135803223,-75.985725402832
GHCND:US1MDCC0016,39.651266,-75.88558
GHCND:US1MDCC0018,39.7008,-75.84443
GHCND:US1MDCC0020,39.6171,-75.83121
GHCND:US1MDCC0021,39.486,-75.91896
GHCND:US1MDCC0023,39.3796031,-75.9282712
GHCND:US1MDCC0026,39.64681,-75.963943
GHCND:US1MDCH0007,38.60731,-76.943247
GHCND:US1MDCH0009,38.596645,-76.871
GHCND:US1MDCH0010,38.527005,-76.990704
GHCND:US1MDCH0011,38.497477,-77.018529
GHCND:US1MDCH0012,38.614129,-77.036119
GHCND:US1MDCH0013,38.535,-77.023
GHCND:US1MDCH0014,38.650047,-76.85343
GHCND:US1MDCH0018,38.555175,-77.010883
GHCND:US1MDCH0020,38.638208,-76.948551
GHCND:US1MDCH0023,38.37195,-76.97557
GHCND:US1MDCH0026,38.568557,-76.867826
GHCND:US1MDCH0030,38.620227,-77.089815
GHCND:US1MDCH0033,38.64404,-76.86389
GHCND:US1MDCH0035,38.5943,-76.9145
GHCND:US1MDCH0036,38.4674,-76.9062
GHCND:US1MDCH0038,38.377472,-77.202167
GHCND:US1MDCH0041,38.5772,-76.8197
GHCND:US1MDCH0042,38.608272,-76.893064
GHCND:US1MDCH0044,38.58549,-76.77757
GHCND:US1MDCL0003,38.94452,-75.885961
GHCND:US1MDCL0005,38.830895,-75.903207
GHCND:US1MDCL0008,38.871,-75.9018
GHCND:US1MDCL0009,38.986342,-75.78463
GHCND:US1MDCL0010,38.8623,-75.9267
GHCND:US1MDCL0011,38.946422,-75.88236
GHCND:US1MDCL0012,39.0697444975376,-75.7683598995209
GHCND:US1MDCL0014,38.7666,-75.8666
GHCND:US1MDCR0003,39.3715,-77.1567
GHCND:US1MDCR0004,39.38465,-76.921659
GHCND:US1MDCR0005,39.691787,-77.114666
GHCND:US1MDCR0006,39.683128,-77.121552
GHCND:US1MDCR0007,39.576997,-77.025993
GHCND:US1MDCR0009,39.5816,-76.9993
GHCND:US1MDCR0012,39.646748,-76.898611
GHCND:US1MDCR0014,39.400472,-76.948219
GHCND:US1MDCR0015,39.397844,-77.016624
GHCND:US1MDCR0016,39.662916,-77.160106
GHCND:US1MDCR0019,39.4037170410156,-76.9342803955078
GHCND:US1MDCR0021,39.4674,-76.9511
GHCND:US1MDCR0024,39.57391,-76.97782
GHCND:US1MDCR0036,39.531345,-77.020798
GHCND:US1MDCR0037,39.455561,-77.005238
GHCND:US1MDCR0039,39.5436,-77.0996
GHCND:US1MDCV0001,38.741818,-76.680712
GHCND:US1MDCV0005,38.6623,-76.5639
GHCND:US1MDCV0006,38.762708,-76.636349
GHCND:US1MDCV0007,38.5517,-76.6158
GHCND:US1MDCV0008,38.4666,-76.4795
GHCND:US1MDCV0011,38.708,-76.5405
GHCND:US1MDCV0015,38.630485,-76.612724
GHCND:US1MDCV0016,38.742261,-76.669726
GHCND:US1MDCV0017,38.6521415710449,-76.639518737793
GHCND:US1MDCV0018,38.685683,-76.534533
GHCND:US1MDCV0020,38.625907,-76.519149
GHCND:US1MDCV0021,38.715468,-76.56774
GHCND:US1MDCV0022,38.3809,-76.4051
GHCND:US1MDCV0023,38.42643,-76.46442
GHCND:US1MDCV0027,38.33703,-76.458882
GHCND:US1MDCV0028,38.570843,-76.626994
GHCND:US1MDCV0029,38.6082575,-76.543087
GHCND:US1MDCV0031,38.510339,-76.594852
GHCND:US1MDDR0001,38.5059,-76.1487
GHCND:US1MDDR0002,38.53373,-75.827615
GHCND:US1MDDR0007,38.566942,-76.103221
GHCND:US1MDDR0009,38.513604,-75.912977
GHCND:US1MDDR0010,38.599211,-75.924137
GHCND:US1MDDR0011,38.57948,-75.89875
GHCND:US1MDDR0013,38.58618,-76.090478
GHCND:US1MDDR0015,38.608557,-75.894896
GHCND:US1MDFR0003,39.3808,-77.4396
GHCND:US1MDFR0004,39.354809,-77.355161
GHCND:US1MDFR0005,39.458148,-77.460127
GHCND:US1MDFR0008,39.441414,-77.534107
GHCND:US1MDFR0009,39.449333,-77.287748
GHCND:US1MDFR0010,39.6125,-77.405
GHCND:US1MDFR0011,39.428884,-77.515158
GHCND:US1MDFR0012,39.4195,-77.2905
GHCND:US1MDFR0014,39.4852,-77.3352
GHCND:US1MDFR0020,39.4642,-77.5262
GHCND:US1MDFR0021,39.32861111,-77.38055556
GHCND:US1MDFR0023,39.3064,-77.4642
GHCND:US1MDFR0024,39.34,-77.5211
GHCND:US1MDFR0029,39.39867,-77.50207
GHCND:US1MDFR0030,39.667363,-77.40411
GHCND:US1MDFR0033,39.609381,-77.421757
GHCND:US1MDFR0035,39.5165154,-77.5737633
GHCND:US1MDFR0037,39.48146,-77.235088
GHCND:US1MDFR0038,39.419264,-77.430926
GHCND:US1MDFR0040,39.4668,-77.418053
GHCND:US1MDFR0041,39.399529,-77.29999
GHCND:US1MDFR0044,39.3776,-77.4402
GHCND:US1MDFR0047,39.49277,-77.28371
GHCND:US1MDFR0049,39.409096,-77.419706
GHCND:US1MDFR0050,39.44678,-77.54309
GHCND:US1MDFR0053,39.36528,-77.54599
GHCND:US1MDGR0001,39.499492,-79.312324
GHCND:US1MDGR0002,39.616348,-79.471106
GHCND:US1MDGR0003,39.664695,-79.303833
GHCND:US1MDGR0004,39.485385,-79.31826
GHCND:US1MDGR0009,39.4040717929602,-79.3721913546324
GHCND:US1MDGR0010,39.445217,-79.143153
GHCND:US1MDGR0012,39.620699,-79.247508
GHCND:US1MDGR0015,39.6827168,-79.1237398
GHCND:US1MDHR0001,39.561914,-76.384194
GHCND:US1MDHR0004,39.57215,-76.16578
GHCND:US1MDHR0006,39.480854,-76.3948
GHCND:US1MDHR0010,39.67223,-76.4609
GHCND:US1MDHR0011,39.538517,-76.378792
GHCND:US1MDHR0012,39.622595,-76.4702
GHCND:US1MDHR0013,39.4678,-76.277
GHCND:US1MDHR0014,39.70116,-76.49127
GHCND:US1MDHR0015,39.565534,-76.373007
GHCND:US1MDHR0016,39.5517,-76.4889
GHCND:US1MDHR0017,39.70606667,-76.34243333
GHCND:US1MDHR0018,39.5641,-76.3079
GHCND:US1MDHR0019,39.541301,-76.466539
GHCND:US1MDHR0023,39.7025,-76.5447
GHCND:US1MDHR0028,39.59409,-76.43938
GHCND:US1MDHR0029,39.684,-76.421
GHCND:US1MDHR0031,39.49733,-76.1514
GHCND:US1MDHR0032,39.561,-76.3378
GHCND:US1MDHR0033,39.502312,-76.38904
GHCND:US1MDHR0035,39.566717,-76.32461
GHCND:US1MDHR0036,39.600877,-76.394273
GHCND:US1MDHW0002,39.3463,-76.9688
GHCND:US1MDHW0003,39.2021,-76.7843
GHCND:US1MDHW0006,39.189458,-76.83489
GHCND:US1MDHW0007,39.154261,-76.82813
GHCND:US1MDHW0009,39.206823,-76.855167
GHCND:US1MDHW0011,39.2006,-76.8895
GHCND:US1MDHW0012,39.338655,-76.946837
GHCND:US1MDHW0013,39.266188,-76.856997
GHCND:US1MDHW0014,39.215,-76.988
GHCND:US1MDHW0015,39.28379,-76.86304
GHCND:US1MDHW0016,39.225624,-76.897177
GHCND:US1MDHW0017,39.3353,-77.0475
GHCND:US1MDHW0018,39.2361,-76.8605
GHCND:US1MDHW0019,39.2201,-76.7847
GHCND:US1MDHW0020,39.284564,-76.884696
GHCND:US1MDHW0021,39.1333059,-76.843421
GHCND:US1MDHW0022,39.1957,-76.931
GHCND:US1MDHW0023,39.34285,-76.89387
GHCND:US1MDHW0025,39.29703,-76.83993
GHCND:US1MDHW0026,39.2052,-76.839
GHCND:US1MDHW0028,39.175834,-76.784987
GHCND:US1MDHW0030,39.2248687744141,-76.8035888671875
GHCND:US1MDHW0031,39.224707,-76.88722
GHCND:US1MDHW0036,39.230768,-76.859767
GHCND:US1MDHW0038,39.114075,-76.848587
GHCND:US1MDHW0039,39.198984,-76.746463
GHCND:US1MDHW0041,39.189388,-76.984277
GHCND:US1MDHW0044,39.339729,-76.961685
GHCND:US1MDHW0046,39.309696,-76.904335
GHCND:US1MDHW0047,39.271389,-77.03722
GHCND:US1MDHW0048,39.3281266,-77.0776494
GHCND:US1MDHW0049,39.218537,-76.821032
GHCND:US1MDHW0051,39.179808,-76.775467
GHCND:US1MDHW0053,39.19511,-76.87215
GHCND:US1MDHW0054,39.157982,-76.835281
GHCND:US1MDHW0055,39.235425,-76.871936
GHCND:US1MDHW0056,39.3085048,-77.0881321
GHCND:US1MDKN0001,39.2625,-75.8621
GHCND:US1MDKN0003,39.298801,-75.830129
GHCND:US1MDKN0004,39.3209,-76.1346
GHCND:US1MDKN0005,39.339311,-75.878476
GHCND:US1MDKN0008,39.355407,-75.848286
GHCND:US1MDKN0009,39.138717,-76.240191
GHCND:US1MDKN0010,39.16896,-76.25914
GHCND:US1MDKN0012,39.228782,-76.074702
GHCND:US1MDMG0001,39.1626,-77.2002
GHCND:US1MDMG0002,39.142818,-77.144362
GHCND:US1MDMG0003,39.0372,-77.2075
GHCND:US1MDMG0005,39.1023,-77.0574
GHCND:US1MDMG0007,39.132089,-77.254143
GHCND:US1MDMG0008,39.1516,-77.2368
GHCND:US1MDMG0009,39.131855,-77.155216
GHCND:US1MDMG0010,39.143755,-77.073519
GHCND:US1MDMG0011,39.111804,-76.947224
GHCND:US1MDMG0014,39.061685,-77.16761
GHCND:US1MDMG0016,39.099297,-77.063422
GHCND:US1MDMG0017,39.07137,-77.041029
GHCND:US1MDMG0018,39.092094,-77.038549
GHCND:US1MDMG0020,39.1038,-77.012605
GHCND:US1MDMG0023,39.020036,-77.04782
GHCND:US1MDMG0024,39.059816,-76.988447
GHCND:US1MDMG0026,39.011742,-77.059568
GHCND:US1MDMG0029,39.249314,-77.243724
GHCND:US1MDMG0033,39.193925,-77.040344
GHCND:US1MDMG0034,39.053469,-77.284231
GHCND:US1MDMG0037,38.973972,-77.135713
GHCND:US1MDMG0038,38.994492,-77.11845
GHCND:US1MDMG0040,39.0259,-77.0744
GHCND:US1MDMG0041,39.0525,-77.0015
GHCND:US1MDMG0042,38.990164,-77.008138
GHCND:US1MDMG0044,39.056821,-77.013304
GHCND:US1MDMG0045,39.01425,-77.11155
GHCND:US1MDMG0046,39.20795,-77.234694
GHCND:US1MDMG0047,39.0753,-77.0383
GHCND:US1MDMG0050,39.0639,-77.0436
GHCND:US1MDMG0052,39.026707,-77.021998
GHCND:US1MDMG0053,39.263092,-77.207427
GHCND:US1MDMG0054,39.2385,-77.22577
GHCND:US1MDMG0055,39.097415,-77.04873
GHCND:US1MDMG0056,39.126822,-77.086482
GHCND:US1MDMG0057,39.1847585,-77.1535572
GHCND:US1MDMG0061,39.097839,-77.025041
GHCND:US1MDMG0062,39.08527,-77.1873
GHCND:US1MDMG0063,39.17806,-77.18306
GHCND:US1MDMG0065,39.140067,-77.404641
GHCND:US1MDMG0066,38.998058,-77.155051
GHCND:US1MDMG0068,39.1205,-77.254
GHCND:US1MDMG0069,39.25341,-77.195779
GHCND:US1MDMG0070,38.989327,-77.008792
GHCND:US1MDMG0071,39.069477,-77.041134
GHCND:US1MDMG0072,39.192716,-77.3339589
GHCND:US1MDMG0074,39.074061,-77.146312
GHCND:US1MDMG0076,39.264983,-77.188528
GHCND:US1MDMG0078,39.156236,-77.056715
GHCND:US1MDMG0079,39.197817,-77.284503
GHCND:US1MDMG0080,39.01129,-77.10006
GHCND:US1MDMG0082,39.0527159,-77.048083
GHCND:US1MDMG0083,39.0479,-77.0743
GHCND:US1MDMG0086,39.058163,-77.090963
GHCND:US1MDMG0099,39.1405,-77.0667
GHCND:US1MDMG0103,39.152565,-77.510361
GHCND:US1MDMG0105,39.026423,-76.989145
GHCND:US1MDMG0106,39.080732,-77.008126
GHCND:US1MDMG0109,39.039861,-77.004083
GHCND:US1MDMG0110,39.1708,-77.25321
GHCND:US1MDMG0111,39.1402397155762,-77.0667266845703
GHCND:US1MDMG0113,39.095782,-77.0929249
GHCND:US1MDMG0114,39.007476,-77.026488
GHCND:US1MDMG0115,39.093667,-77.202891
GHCND:US1MDMG0116,39.184674,-77.228635
GHCND:US1MDMG0117,39.24962,-77.205277
GHCND:US1MDMG0118,39.238235,-77.195216
GHCND:US1MDMG0120,39.152611,-77.509722
GHCND:US1MDMG0122,39.13948,-77.167
GHCND:US1MDMG0123,39.05563,-77.16882
GHCND:US1MDMG0128,39.151469,-77.238919
GHCND:US1MDMG0130,39.095275,-77.013378
GHCND:US1MDMG0132,39.0264,-77.2132
GHCND:US1MDMG0133,39.22372,-77.33484
GHCND:US1MDMG0134,39.21999,-77.26834
GHCND:US1MDMG0137,39.07389,-77.03182
GHCND:US1MDMG0138,39.189867,-77.175933
GHCND:US1MDMG0139,39.07259,-77.094803
GHCND:US1MDMG0143,39.042746,-77.079934
GHCND:US1MDMG0144,39.179292,-77.196424
GHCND:US1MDMG0145,38.983188,-77.088675
GHCND:US1MDMG0148,39.152785,-77.041789
GHCND:US1MDMG0149,39.266134,-77.224728
GHCND:US1MDMG0152,38.9823356934616,-77.08807163691
GHCND:US1MDMG0153,39.020575,-77.035998
GHCND:US1MDMG0154,39.1441,-77.1723
GHCND:US1MDMG0155,39.172112,-77.028279
GHCND:US1MDMG0156,39.263528,-77.207618
GHCND:US1MDPG0001,38.9601,-76.7275
GHCND:US1MDPG0002,38.8228,-76.9178
GHCND:US1MDPG0006,38.771548,-76.964402
GHCND:US1MDPG0007,38.825734,-76.926631
GHCND:US1MDPG0008,38.802784,-76.918511
GHCND:US1MDPG0009,39.044278,-76.886587
GHCND:US1MDPG0010,39.059577,-76.846216
GHCND:US1MDPG0011,38.993942,-76.960057
GHCND:US1MDPG0012,38.981064,-76.78107
GHCND:US1MDPG0014,38.974139,-76.74113
GHCND:US1MDPG0020,38.850119,-76.895596
GHCND:US1MDPG0023,38.795851,-76.989884
GHCND:US1MDPG0024,38.792607,-76.979078
GHCND:US1MDPG0027,38.768869,-76.913905
GHCND:US1MDPG0028,38.764771,-76.824415
GHCND:US1MDPG0029,38.717911,-77.007021
GHCND:US1MDPG0030,38.751659,-76.819612
GHCND:US1MDPG0031,38.6832,-77.015
GHCND:US1MDPG0033,39.0694,-76.8575
GHCND:US1MDPG0034,38.953343,-76.954561
GHCND:US1MDPG0035,38.7287,-76.8798
GHCND:US1MDPG0037,38.665455,-76.739766
GHCND:US1MDPG0038,39.008529,-76.952201
GHCND:US1MDPG0039,39.006626,-76.802013
GHCND:US1MDPG0040,39.00932,-76.88762
GHCND:US1MDPG0041,39.007898,-76.918591
GHCND:US1MDPG0043,38.82243,-76.90641
GHCND:US1MDPG0044,38.99923,-76.87733
GHCND:US1MDPG0045,38.90906,-76.7212
GHCND:US1MDPG0046,38.991,-76.7272
GHCND:US1MDPG0047,38.996389,-76.84444
GHCND:US1MDPG0049,38.726394,-77.028948
GHCND:US1MDPG0050,38.9035758972168,-76.7258605957031
GHCND:US1MDPG0067,38.9811782836914,-76.8712463378906
GHCND:US1MDPG0068,38.997797,-76.879297
GHCND:US1MDPG0069,39.0701,-76.8658
GHCND:US1MDPG0072,39.109965,-76.902013
GHCND:US1MDPG0073,38.8424530029297,-76.7525024414063
GHCND:US1MDPG0075,39.000906,-76.91467
GHCND:US1MDPG0079,38.968891,-76.952641
GHCND:US1MDPG0082,39.0557,-76.93194
GHCND:US1MDPG0084,38.99998,-76.890628
GHCND:US1MDPG0085,39.117498,-76.897609
GHCND:US1MDPG0086,38.923607,-76.830406
GHCND:US1MDPG0089,38.6953,-76.96258
GHCND:US1MDPG0090,38.982388,-76.934192
GHCND:US1MDPG0091,38.717105,-77.010343
GHCND:US1MDPG0093,38.714541,-77.00953
GHCND:US1MDPG0094,38.9479,-76.962
GHCND:US1MDPG0100,39.00350123,-76.92647985
GHCND:US1MDPG0101,38.899924,-76.678062
GHCND:US1MDQA0001,39.141863,-75.984816
GHCND:US1MDQA0008,39.03657,-76.302248
GHCND:US1MDQA0010,39.2420614400266,-75.9059703483753
GHCND:US1MDQA0012,39.00277778,-75.93027778
GHCND:US1MDQA0014,39.2413,-75.833
GHCND:US1MDSM0001,38.120792,-76.365055
GHCND:US1MDSM0002,38.36198,-76.5871
GHCND:US1MDSM0003,38.305538,-76.633659
GHCND:US1MDSM0007,38.309,-76.6585
GHCND:US1MDSM0008,38.219722,-76.441667
GHCND:US1MDSM0009,38.2994,-76.49702
GHCND:US1MDSM0011,38.286698,-76.591137
GHCND:US1MDSM0012,38.16496,-76.54424
GHCND:US1MDSM0013,38.3498,-76.5059
GHCND:US1MDSM0016,38.2802,-76.4868
GHCND:US1MDSM0018,38.4852826,-76.7339102
GHCND:US1MDSM0019,38.176147,-76.411559
GHCND:US1MDSM0021,38.3533635,-76.6445842
GHCND:US1MDSM0022,38.2065318,-76.4760829
GHCND:US1MDSS0001,38.174503,-75.706631
GHCND:US1MDSS0004,38.178304,-75.768868
GHCND:US1MDSS0006,38.139329,-75.749129
GHCND:US1MDSS0010,38.101483,-75.548506
GHCND:US1MDSS0011,38.1972,-75.69918
GHCND:US1MDSS0012,38.152892,-75.953055
GHCND:US1MDSS0013,38.189229,-75.725682
GHCND:US1MDSS0016,38.01509,-75.76952
GHCND:US1MDSS0018,37.981037,-75.842706
GHCND:US1MDSS0019,38.016331,-75.816784
GHCND:US1MDTB0001,38.763319,-76.085265
GHCND:US1MDTB0002,38.877091,-75.996789
GHCND:US1MDTB0003,38.883746,-75.986019
GHCND:US1MDTB0004,38.782,-76.2115
GHCND:US1MDTB0005,38.748,-76.041
GHCND:US1MDTB0006,38.815074,-76.059008
GHCND:US1MDTB0007,38.7065,-76.1814
GHCND:US1MDTB0008,38.758007,-76.079045
GHCND:US1MDTB0009,38.6982,-76.0161
GHCND:US1MDTB0011,38.784512,-76.073938
GHCND:US1MDTB0013,38.7737,-76.0439
GHCND:US1MDTB0015,38.678964,-76.17101
GHCND:US1MDTB0016,38.769277,-76.057388
GHCND:US1MDTB0018,38.752842,-76.056094
GHCND:US1MDTB0020,38.80583333,-76.08194444
GHCND:US1MDTB0023,38.6478,-76.1454
GHCND:US1MDTB0026,38.786408827334,-76.0730389543387
GHCND:US1MDTB0027,38.7857,-76.2376
GHCND:US1MDTB0028,38.761791,-76.066446
GHCND:US1MDWC0001,38.32556,-75.87315
GHCND:US1MDWC0002,38.3599,-75.6333
GHCND:US1MDWC0003,38.346335,-75.576612
GHCND:US1MDWC0004,38.454336,-75.572959
GHCND:US1MDWC0005,38.324417,-75.557806
GHCND:US1MDWC0010,38.323019,-75.560774
GHCND:US1MDWC0012,38.300349,-75.528336
GHCND:US1MDWC0013,38.3896,-75.589865
GHCND:US1MDWC0016,38.34472194314,-75.5730327218771
GHCND:US1MDWC0017,38.3200492858887,-75.665153503418
GHCND:US1MDWC0018,38.247025,-75.902687
GHCND:US1MDWC0020,38.392094,-75.410747
GHCND:US1MDWC0022,38.329743,-75.594784
GHCND:US1MDWC0025,38.32435,-75.57286
GHCND:US1MDWC0026,38.45163,-75.56937
GHCND:US1MDWC0027,38.4211,-75.753739
GHCND:US1MDWH0001,39.608945,-77.769369
GHCND:US1MDWH0002,39.5822,-77.7342
GHCND:US1MDWH0003,39.642307,-77.701839
GHCND:US1MDWH0005,39.58069,-77.78413
GHCND:US1MDWH0007,39.697759,-77.550861
GHCND:US1MDWH0008,39.639916,-77.849722
GHCND:US1MDWH0010,39.5200958251953,-77.6490783691406
GHCND:US1MDWH0011,39.699745,-78.160063
GHCND:US1MDWH0012,39.661232,-77.991313
GHCND:US1MDWH0019,39.6916,-77.74997
GHCND:US1MDWH0020,39.462521,-77.680527
GHCND:US1MDWH0022,39.591221,-77.71342
GHCND:US1MDWR0002,38.326458,-75.214015
GHCND:US1MDWR0004,38.446644,-75.134006
GHCND:US1MDWR0005,38.3985,-75.1762
GHCND:US1MDWR0007,38.3524839,-75.098872
GHCND:US1MDWR0009,38.318086,-75.227327
GHCND:US1MDWR0010,38.366148,-75.156222
GHCND:US1MDWR0014,38.166971,-75.392105
GHCND:US1MDWR0017,38.36596,-75.13414
GHCND:US1MDWR0019,38.2361,-75.1817
GHCND:US1MDWR0020,38.2008643448353,-75.364995226264
GHCND:US1MDWR0021,38.3721504211426,-75.1584930419922
GHCND:US1MDWR0022,38.397102355957,-75.1610412597656
GHCND:US1MDWR0026,38.17648,-75.38794
GHCND:US1MDWR0028,38.44351,-75.06024
GHCND:US1MDWR0030,38.447102,-75.057883
GHCND:US1MDWR0031,38.2907,-75.1617
GHCND:USC00180185,38.98333,-76.48333
GHCND:USC00180193,38.99361,-76.5075
GHCND:USC00180335,38.0722,-75.2128
GHCND:USC00180390,39.633333,-76.983333
GHCND:USC00180460,39.2,-76.56667
GHCND:USC00180467,39.1836,-76.6541
GHCND:USC00180475,39.35,-76.55
GHCND:USC00180490,39.3,-76.633333
GHCND:USC00180530,38.5,-76.65
GHCND:USC00180565,39.0,-77.11667
GHCND:USC00180700,39.0302,-76.9315
GHCND:USC00180701,39.01667,-76.91667
GHCND:USC00180702,39.03333,-76.93333
GHCND:USC00180703,39.03333,-76.93333
GHCND:USC00180704,39.03333,-76.93333
GHCND:USC00180705,39.01667,-76.95
GHCND:USC00180706,39.01667,-76.95
GHCND:USC00180714,39.05,-76.95
GHCND:USC00180732,39.5,-76.38333
GHCND:USC00180737,39.68333,-76.7
GHCND:USC00180752,38.35,-75.2
GHCND:USC00180795,38.96667,-77.11667
GHCND:USC00180800,39.0,-77.1
GHCND:USC00180881,39.61667,-79.25
GHCND:USC00180915,38.43333,-76.13333
GHCND:USC00180960,39.65,-78.8
GHCND:USC00180986,39.51667,-77.65
GHCND:USC00180990,39.51667,-77.65
GHCND:USC00180995,39.533333,-77.65
GHCND:USC00181032,39.21667,-77.33333
GHCND:USC00181125,39.1911,-77.0069
GHCND:USC00181170,38.95,-77.1
GHCND:USC00181180,38.96667,-76.96667
GHCND:USC00181250,39.416667,-77.583333
GHCND:USC00181278,39.03333,-77.0
GHCND:USC00181385,38.56667,-76.06667
GHCND:USC00181530,39.6452,-77.483
GHCND:USC00181555,39.4,-75.88333
GHCND:USC00181627,39.05,-76.06667
GHCND:USC00181685,38.46667,-76.75
GHCND:USC00181686,38.46667,-76.76667
GHCND:USC00181693,39.366667,-76.366667
GHCND:USC00181710,38.73333,-76.85
GHCND:USC00181730,38.2,-76.533333
GHCND:USC00181740,39.533333,-75.8
GHCND:USC00181750,39.2166,-76.0519
GHCND:USC00181790,39.64034,-77.69778
GHCND:USC00181862,39.25528,-76.92861
GHCND:USC00181890,39.66667,-77.9
GHCND:USC00181960,39.5,-76.63333
GHCND:USC00181980,39.36112,-76.11424
GHCND:USC00181995,38.98333,-76.95
GHCND:USC00182000,39.05,-76.95
GHCND:USC00182020,39.666667,-76.083333
GHCND:USC00182060,39.65562,-76.17506
GHCND:USC00182065,39.65,-76.18333
GHCND:USC00182120,38.133333,-75.666667
GHCND:USC00182205,37.983333,-75.866667
GHCND:USC00182280,39.65,-78.75
GHCND:USC00182282,39.64189,-78.75624
GHCND:USC00182285,39.63944,-78.83083
GHCND:USC00182308,39.35302,-76.65397
GHCND:USC00182325,38.9385,-77.1134
GHCND:USC00182335,39.26667,-77.23333
GHCND:USC00182336,39.26495,-77.23196
GHCND:USC00182345,39.666667,-76.216667
GHCND:USC00182450,39.433333,-79.333333
GHCND:USC00182523,38.88333,-75.8
GHCND:USC00182585,38.85,-76.9
GHCND:USC00182660,39.26667,-76.51667
GHCND:USC00182691,39.01972,-76.23083
GHCND:USC00182695,38.8,-76.06667
GHCND:USC00182700,38.74278,-76.06694
GHCND:USC00182770,39.66667,-77.55
GHCND:USC00182795,39.40144,-76.29816
GHCND:USC00182800,39.416667,-76.266667
GHCND:USC00182860,39.61667,-75.83333
GHCND:USC00182875,39.283333,-76.883333
GHCND:USC00182905,39.68333,-77.35
GHCND:USC00182906,39.67621,-77.28443
GHCND:USC00183050,39.51667,-76.4
GHCND:USC00183097,39.6,-77.083333
GHCND:USC00183150,39.7,-78.6
GHCND:USC00183230,39.1,-76.75
GHCND:USC00183345,39.41667,-77.41667
GHCND:USC00183347,39.4,-77.35
GHCND:USC00183348,39.41611,-77.43889
GHCND:USC00183353,39.4344,-77.3919
GHCND:USC00183355,39.4,-77.36667
GHCND:USC00183400,39.61667,-79.46667
GHCND:USC00183401,39.66667,-79.4
GHCND:USC00183402,39.66667,-79.45
GHCND:USC00183410,39.65,-78.93333
GHCND:USC00183415,39.65971,-78.93601
GHCND:USC00183585,39.16667,-77.38333
GHCND:USC00183645,38.96667,-77.15
GHCND:USC00183655,39.26667,-76.98333
GHCND:USC00183675,38.9688,-76.8041
GHCND:USC00183715,39.466667,-76.8
GHCND:USC00183795,39.7,-79.15
GHCND:USC00183805,38.95,-76.2
GHCND:USC00183850,39.0,-77.25
GHCND:USC00183855,39.0,-77.25
GHCND:USC00183860,39.0,-76.88333
GHCND:USC00183880,39.633333,-77.916667
GHCND:USC00183930,39.0,-77.1
GHCND:USC00183975,39.65,-77.73333
GHCND:USC00183980,39.60444,-77.7325
GHCND:USC00184025,39.7,-78.18333
GHCND:USC00184030,39.6969,-78.1775
GHCND:USC00184090,39.716667,-77.183333
GHCND:USC00184485,38.61667,-76.61667
GHCND:USC00184650,38.75,-76.616667
GHCND:USC00184780,39.48333,-77.7
GHCND:USC00184980,39.333333,-76.583333
GHCND:USC00185050,38.96667,-76.85
GHCND:USC00185080,38.53333,-77.0
GHCND:USC00185111,39.0847,-76.9002
GHCND:USC00185200,38.25,-76.65
GHCND:USC00185201,38.31667,-76.66667
GHCND:USC00185205,38.3,-76.65
GHCND:USC00185302,39.35,-77.1
GHCND:USC00185340,39.43333,-76.55
GHCND:USC00185390,38.866667,-76.066667
GHCND:USC00185590,39.416667,-76.633333
GHCND:USC00185665,38.466667,-75.766667
GHCND:USC00185715,39.71667,-76.65
GHCND:USC00185790,39.4,-76.766667
GHCND:USC00185832,39.58333,-79.36667
GHCND:USC00185865,38.4927,-76.7259
GHCND:USC00185894,39.6,-79.08333
GHCND:USC00185916,39.29944,-76.41611
GHCND:USC00185917,39.35,-76.45
GHCND:USC00185934,39.7194,-76.8027
GHCND:USC00185985,39.27389,-75.87
GHCND:USC00186150,39.683333,-78.966667
GHCND:USC00186408,39.63333,-79.11667
GHCND:USC00186430,39.383333,-77.283333
GHCND:USC00186620,39.41317,-79.40025
GHCND:USC00186665,38.33333,-75.08333
GHCND:USC00186670,38.35,-75.08333
GHCND:USC00186770,38.68333,-76.66667
GHCND:USC00186800,38.7955,-76.99481
GHCND:USC00186844,39.63333,-76.7
GHCND:USC00186850,38.39039,-75.50267
GHCND:USC00186915,38.33333,-76.41667
GHCND:USC00186980,39.55,-76.06667
GHCND:USC00187010,39.55,-78.51667
GHCND:USC00187015,39.38333,-76.71667
GHCND:USC00187070,39.433333,-76.8
GHCND:USC00187140,38.06667,-75.55
GHCND:USC00187205,38.4,-77.0
GHCND:USC00187230,39.62917,-76.08472
GHCND:USC00187250,38.183333,-76.45
GHCND:USC00187272,39.04,-77.2541
GHCND:USC00187310,38.7,-75.91667
GHCND:USC00187315,39.63333,-76.7
GHCND:USC00187325,38.55,-76.58333
GHCND:USC00187330,38.2122,-75.6822
GHCND:USC00187435,39.38333,-76.83333
GHCND:USC00187550,39.4,-76.65
GHCND:USC00187575,38.95,-75.88333
GHCND:USC00187580,39.4507,-76.7997
GHCND:USC00187615,38.96667,-76.93333
GHCND:USC00187690,39.0,-77.06667
GHCND:USC00187700,39.13333,-76.23333
GHCND:USC00187705,39.10083,-77.14861
GHCND:USC00187806,38.7152,-76.1907
GHCND:USC00188000,38.365,-75.58917
GHCND:USC00188003,38.42,-75.56417
GHCND:USC00188004,38.4083,-75.5922
GHCND:USC00188007,38.36667,-75.58333
GHCND:USC00188030,39.01667,-76.4
GHCND:USC00188065,39.5099,-79.1401
GHCND:USC00188191,39.38333,-79.2
GHCND:USC00188205,39.45,-77.75
GHCND:USC00188207,39.3983,-77.7212
GHCND:USC00188210,38.55,-75.71667
GHCND:USC00188289,38.83333,-76.95
GHCND:USC00188300,39.0,-77.01667
GHCND:USC00188315,39.5227,-79.4131
GHCND:USC00188320,39.53333,-79.41667
GHCND:USC00188368,39.65,-77.55
GHCND:USC00188371,39.66346,-77.58309
GHCND:USC00188380,38.23173,-75.37606
GHCND:USC00188405,38.31994,-76.45271
GHCND:USC00188510,39.716667,-77.45
GHCND:USC00188557,38.972,-76.338
GHCND:USC00188656,38.85,-76.93333
GHCND:USC00188657,39.1639,-75.8547
GHCND:USC00188670,39.333333,-79.45
GHCND:USC00188715,38.983333,-77.016667
GHCND:USC00188720,38.98333,-77.01667
GHCND:USC00188725,38.98333,-77.0
GHCND:USC00188780,39.666667,-77.166667
GHCND:USC00188855,39.66667,-78.25
GHCND:USC00188877,39.38333,-76.56667
GHCND:USC00188900,38.666667,-76.05
GHCND:USC00188990,39.566667,-77.166667
GHCND:USC00189030,39.45,-77.18333
GHCND:USC00189065,38.8,-76.766667
GHCND:USC00189070,38.8519,-76.7683
GHCND:USC00189115,39.433333,-76.3
GHCND:USC00189140,38.4875,-75.8212
GHCND:USC00189187,39.05,-77.08333
GHCND:USC00189195,38.65167,-76.88056
GHCND:USC00189314,39.16667,-76.78333
GHCND:USC00189400,38.95,-76.88333
GHCND:USC00189435,39.55,-76.98333
GHCND:USC00189440,39.5736,-76.9883
GHCND:USC00189497,38.4,-75.3
GHCND:USC00189502,39.06667,-77.03333
GHCND:USC00189507,39.61667,-76.63333
GHCND:USC00189570,39.6109,-77.8471
GHCND:USC00189590,39.266667,-76.583333
GHCND:USC00189750,39.33333,-76.86667
GHCND:USC00368395,39.73333,-79.16667
GHCND:USC00448915,39.18333,-77.6
GHCND:USC00449126,38.466667,-77.316667
GHCND:USC00460527,39.27273,-79.36847
GHCND:USC00460710,39.61667,-78.21667
GHCND:USC00463670,39.633333,-78.633333
GHCND:USC00463927,39.32333,-77.72889
GHCND:USC00463935,39.36667,-79.2
GHCND:USC00467004,39.48333,-79.03333
GHCND:USR0000MBLA,38.4167,-76.0
GHCND:USW00003749,39.645,-77.468
GHCND:USW00003757,38.14167,-76.42917
GHCND:USW00013701,39.4716,-76.1697
GHCND:USW00013705,38.81667,-76.86667
GHCND:USW00013721,38.3,-76.41667
GHCND:USW00013730,39.41667,-77.38333
GHCND:USW00013749,39.43333,-77.45
GHCND:USW00013752,38.9913,-76.4891
GHCND:USW00013777,39.28333,-76.61667
GHCND:USW00093706,39.70618,-77.73037
GHCND:USW00093720,38.3409,-75.51324
GHCND:USW00093721,39.17329,-76.68408
GHCND:USW00093733,39.08333,-76.76667
GHCND:USW00093784,39.2814,-76.6111
GHCND:USW00093786,38.30911,-75.12336
